{
  "hash": "4ea3ef41",
  "configHash": "fccd7bf1",
  "lockfileHash": "9a734171",
  "browserHash": "131f1b73",
  "optimized": {
    "@angular/common": {
      "src": "../../../../../../node_modules/@angular/common/fesm2022/common.mjs",
      "file": "@angular_common.js",
      "fileHash": "54ef3d9f",
      "needsInterop": false
    },
    "@angular/common/http": {
      "src": "../../../../../../node_modules/@angular/common/fesm2022/http.mjs",
      "file": "@angular_common_http.js",
      "fileHash": "dd681123",
      "needsInterop": false
    },
    "@angular/core": {
      "src": "../../../../../../node_modules/@angular/core/fesm2022/core.mjs",
      "file": "@angular_core.js",
      "fileHash": "14527eae",
      "needsInterop": false
    },
    "@angular/forms": {
      "src": "../../../../../../node_modules/@angular/forms/fesm2022/forms.mjs",
      "file": "@angular_forms.js",
      "fileHash": "4cf0ec0d",
      "needsInterop": false
    },
    "@angular/platform-browser": {
      "src": "../../../../../../node_modules/@angular/platform-browser/fesm2022/platform-browser.mjs",
      "file": "@angular_platform-browser.js",
      "fileHash": "4fedf3fe",
      "needsInterop": false
    },
    "@angular/router": {
      "src": "../../../../../../node_modules/@angular/router/fesm2022/router.mjs",
      "file": "@angular_router.js",
      "fileHash": "1e04d968",
      "needsInterop": false
    },
    "rxjs": {
      "src": "../../../../../../node_modules/rxjs/dist/esm5/index.js",
      "file": "rxjs.js",
      "fileHash": "1812de84",
      "needsInterop": false
    },
    "rxjs/operators": {
      "src": "../../../../../../node_modules/rxjs/dist/esm5/operators/index.js",
      "file": "rxjs_operators.js",
      "fileHash": "2017eca5",
      "needsInterop": false
    }
  },
  "chunks": {
    "chunk-V3SNPZGE": {
      "file": "chunk-V3SNPZGE.js"
    },
    "chunk-FBYS5K4N": {
      "file": "chunk-FBYS5K4N.js"
    },
    "chunk-IZZEJKND": {
      "file": "chunk-IZZEJKND.js"
    },
    "chunk-PV4LZQ3W": {
      "file": "chunk-PV4LZQ3W.js"
    },
    "chunk-FFZIAYYX": {
      "file": "chunk-FFZIAYYX.js"
    },
    "chunk-6Q4RANH6": {
      "file": "chunk-6Q4RANH6.js"
    },
    "chunk-CXCX2JKZ": {
      "file": "chunk-CXCX2JKZ.js"
    }
  }
}